premise,hypothesis,label,alternation,subtype of alternation,lemma,verb class,comment,prediction,,Model,Accuracy
The cat rolled the ball.,The ball rolled.,entailment,causative,causative/inchoative,roll,ROLL,,entailment,,gpt-4-0125-preview,0.814
The cat rolled the ball.,The cat rolled.,non-entailment,causative,causative/inchoative,roll,ROLL,,entailment,,,
The child bounced the ball to me.,The ball bounced  to me.,entailment,causative,causative/inchoative,bounce,ROLL,,entailment,,,
The child bounced the ball to me.,The child bounced to me.,non-entailment,causative,causative/inchoative,bounce,ROLL,meaning change,non-entailment,,,
The team drifted the boats downstream.,The boats drifted downstream.,entailment,causative,causative/inchoative,drift,ROLL,,entailment,,,
The team drifted the boats downstream.,The team drifted downstream.,non-entailment,causative,causative/inchoative,drift,ROLL,,entailment,,,
Harry dropped the book into the river.,The book dropped into the river.,entailment,causative,causative/inchoative,drop,ROLL,,entailment,,,
Harry dropped the book into the river.,Harry dropped into the river.,non-entailment,causative,causative/inchoative,drop,ROLL,,non-entailment,,,
Mark floated the logs two miles to the mill.,The logs floated two miles to the mill.,entailment,causative,causative/inchoative,float,ROLL,,entailment,,,
Mark floated the logs two miles to the mill.,Mark floated two miles to the mill.,non-entailment,causative,causative/inchoative,float,ROLL,,non-entailment,,,
Daniel glided the ball across the slippery parquet.,The ball glided across the slippery parquet.,entailment,causative,causative/inchoative,glide,ROLL,,entailment,,,
Daniel glided the ball across the slippery parquet.,Daniel glided across the slippery parquet.,non-entailment,causative,causative/inchoative,glide,ROLL,,entailment,,,
Emily moved the ball in the right direction.,The ball moved in the right direction.,entailment,causative,causative/inchoative,move,ROLL,,entailment,,,
Emily moved the ball in the right direction.,Emily moved in the right direction.,non-entailment,causative,causative/inchoative,move,ROLL,,entailment,,,
The bartender slid two beers down to the edge of the counter.,Two beers slid down to the edge of the counter.,entailment,causative,causative/inchoative,slide,ROLL,,entailment,,,
The bartender slid two beers down to the edge of the counter.,The bartender slid down to the edge of the counter.,non-entailment,causative,causative/inchoative,slide,ROLL,,non-entailment,,,
Jeremy swung the basket in her direction.,The basket swung in her direction.,entailment,causative,causative/inchoative,swing,ROLL,,entailment,,,
Jeremy swung the basket in her direction.,Jeremy swung in her direction.,non-entailment,causative,causative/inchoative,swing,ROLL,,entailment,,,
Thomas rotated the image 180 degrees clockwise.,The image rotated 180 degrees clockwise.,entailment,causative,causative/inchoative,rotate,ROLL,,entailment,,,
Thomas rotated the image 180 degrees clockwise.,Thomas rotated 180 degrees clockwise.,non-entailment,causative,causative/inchoative,rotate,ROLL,,entailment,,,
The boy spun the remote-controlled car around the room.,The remote-controlled car spun around the room.,entailment,causative,causative/inchoative,spin,ROLL,,entailment,,,
The boy spun the remote-controlled car around the room.,The boy spun around the room.,non-entailment,causative,causative/inchoative,spin,ROLL,,non-entailment,,,
The student turned the document around.,The document turned around.,entailment,causative,causative/inchoative,turn,ROLL,,entailment,,,
The student turned the document around.,The student turned around.,non-entailment,causative,causative/inchoative,turn,ROLL,,non-entailment,,,
Susan twirled the globe in the living room.,The globe twirled in the living room.,entailment,causative,causative/inchoative,twirl,ROLL,,entailment,,,
Susan twirled the globe in the living room.,Susan twirled in the living room.,non-entailment,causative,causative/inchoative,twirl,ROLL,,entailment,,,
David twisted the knob.,The knob twisted.,entailment,causative,causative/inchoative,twist,ROLL,,entailment,,,
David twisted the knob.,David twisted.,non-entailment,causative,causative/inchoative,twist,ROLL,meaning change,entailment,,,
The statuette broke the showcase.,The showcase broke.,entailment,causative,causative/inchoative,break,BREAK,,entailment,,,
The statuette broke the showcase.,The statuette broke.,non-entailment,causative,causative/inchoative,break,BREAK,,entailment,,,
This cup chipped John's front tooth.,John's front tooth chipped.,entailment,causative,causative/inchoative,chip,BREAK,,entailment,,,
This cup chipped John's front tooth.,This cup chipped.,non-entailment,causative,causative/inchoative,chip,BREAK,,entailment,,,
The hammer cracked the wall during the major overhaul.,The wall cracked during the major overhaul.,entailment,causative,causative/inchoative,crack,BREAK,,entailment,,,
The hammer cracked the wall during the major overhaul.,The hammer cracked during the major overhaul.,non-entailment,causative,causative/inchoative,crack,BREAK,,non-entailment,,,
Lisa crashed the drone while she was in Portugal.,The drone crashed in Portugal.,entailment,causative,causative/inchoative,crash,BREAK,,entailment,,,
Lisa crashed the drone while she was in Portugal.,Lisa crashed in Portugal.,non-entailment,causative,causative/inchoative,crash,BREAK,meaning change,non-entailment,,,
The falling stalagmite fractured the bone.,The bone fractured.,entailment,causative,causative/inchoative,fracture,BREAK,,entailment,,,
The falling stalagmite fractured the bone.,The falling stalagmite fractured.,non-entailment,causative,causative/inchoative,fracture,BREAK,,entailment,,,
The hammer shattered the glass.,The glass shattered.,entailment,causative,causative/inchoative,shatter,BREAK,,entailment,,,
The hammer shattered the glass.,The hammer shattered.,non-entailment,causative,causative/inchoative,shatter,BREAK,,entailment,,,
Robert hammered the nail into the door.,The nail was hammered into the door.,entailment,causative,causative/inchoative,hammer,BREAK,,entailment,,,
Robert hammered the nail into the door.,Robert hammered at the door.,non-entailment,causative,causative/inchoative,hammer,BREAK,meaning change,entailment,,,
The bat smashed the window to pieces.,The window smashed to pieces.,entailment,causative,causative/inchoative,smash,BREAK,,entailment,,,
The bat smashed the window to pieces.,The bat smashed to pieces.,non-entailment,causative,causative/inchoative,smash,BREAK,,entailment,,,
The damaged tree snapped the outdoor table in two.,The outdoor table snapped in two.,entailment,causative,causative/inchoative,snap,BREAK,,entailment,,,
The damaged tree snapped the outdoor table in two.,The damaged tree snapped in two.,non-entailment,causative,causative/inchoative,snap,BREAK,,non-entailment,,,
The baseball bat splintered the interior door.,The interior door splintered.,entailment,causative,causative/inchoative,splinter,BREAK,,entailment,,,
The baseball bat splintered the interior door.,The baseball bat splintered.,non-entailment,causative,causative/inchoative,splinter,BREAK,,entailment,,,
The spear split the coconut in half.,The coconut split in half.,entailment,causative,causative/inchoative,split,BREAK,,entailment,,,
The spear split the coconut in half.,The spear split in half.,non-entailment,causative,causative/inchoative,split,BREAK,,non-entailment,,,
Tony bent the rod.,The rod bent.,entailment,causative,causative/inchoative,bend,BEND,,entailment,,,
Tony bent the rod.,Tony bent.,non-entailment,causative,causative/inchoative,bend,BEND,,entailment,,,
The pillow creased the bed sheet.,The bed sheet was creased.,entailment,causative,causative/inchoative,crease,BEND,,entailment,,,
The pillow creased the bed sheet.,The pillow was creased.,non-entailment,causative,causative/inchoative,crease,BEND,,non-entailment,,,
The coat crumpled the blouse underneath it.,The blouse crumpled.,entailment,causative,causative/inchoative,crumple,BEND,,entailment,,,
The coat crumpled the blouse underneath it.,The coat crumpled.,non-entailment,causative,causative/inchoative,crumple,BEND,,entailment,,,
The blanket rumpled the sheet underneath it.,The sheet rumpled.,entailment,causative,causative/inchoative,rumple,BEND,,non-entailment,,,
The blanket rumpled the sheet underneath it.,The blanket rumpled.,non-entailment,causative,causative/inchoative,rumple,BEND,,entailment,,,
James wrinkled the napkin.,The napkin wrinkled.,entailment,causative,causative/inchoative,wrinkle,BEND,,entailment,,,
James wrinkled the napkin.,James wrinkled.,non-entailment,causative,causative/inchoative,wrinkle,BEND,meaning change,entailment,,,
Her fear abated the physical pain.,The physical pain abated.,entailment,causative,causative/inchoative,abate,OTHER ALTERNATING VERBS OF CHANGE OF STATE,,entailment,,,
Her fear abated the physical pain.,Her fear abated.,non-entailment,causative,causative/inchoative,abate,OTHER ALTERNATING VERBS OF CHANGE OF STATE,,non-entailment,,,
The university advanced our knowledge.,Our knowledge advanced.,entailment,causative,causative/inchoative,advance,OTHER ALTERNATING VERBS OF CHANGE OF STATE,,entailment,,,
The university advanced our knowledge.,The university advanced.,non-entailment,causative,causative/inchoative,advance,OTHER ALTERNATING VERBS OF CHANGE OF STATE,,entailment,,,
Adam aged the cheese in his own factory.,The cheese aged.,entailment,causative,causative/inchoative,age,OTHER ALTERNATING VERBS OF CHANGE OF STATE,,entailment,,,
Adam aged the cheese in his own factory.,Adam aged.,non-entailment,causative,causative/inchoative,age,OTHER ALTERNATING VERBS OF CHANGE OF STATE,,entailment,,,
The existing legislation altered the business model.,The business model was altered.,entailment,causative,causative/inchoative,alter,OTHER ALTERNATING VERBS OF CHANGE OF STATE,,entailment,,,
The existing legislation altered the business model.,The existing legislation was altered.,non-entailment,causative,causative/inchoative,alter,OTHER ALTERNATING VERBS OF CHANGE OF STATE,,non-entailment,,,
Political influence atrophied this tradition.,This tradition atrophied.,entailment,causative,causative/inchoative,atrophy,OTHER ALTERNATING VERBS OF CHANGE OF STATE,metaphorical,entailment,,,
Political influence atrophied this tradition.,Political influence atrophied.,non-entailment,causative,causative/inchoative,atrophy,OTHER ALTERNATING VERBS OF CHANGE OF STATE,,entailment,,,
The mother awoke the sleeping child after a midday nap.,The sleeping child awoke after a midday nap.,entailment,causative,causative/inchoative,awake,OTHER ALTERNATING VERBS OF CHANGE OF STATE,,entailment,,,
The mother awoke the sleeping child after a midday nap.,The mother awoke after a midday nap.,non-entailment,causative,causative/inchoative,awake,OTHER ALTERNATING VERBS OF CHANGE OF STATE,,non-entailment,,,
The entertainer balanced the trophy on his head.,The trophy balanced on his head.,entailment,causative,causative/inchoative,balance,OTHER ALTERNATING VERBS OF CHANGE OF STATE,,entailment,,,
The entertainer balanced the trophy on his head.,The entertainer balanced on his head.,non-entailment,causative,causative/inchoative,balance,OTHER ALTERNATING VERBS OF CHANGE OF STATE,,entailment,,,
The robot blasted the box.,The box was blasted.,entailment,causative,causative/inchoative,blast,OTHER ALTERNATING VERBS OF CHANGE OF STATE,,entailment,,,
The robot blasted the box.,The robot was blasted.,non-entailment,causative,causative/inchoative,blast,OTHER ALTERNATING VERBS OF CHANGE OF STATE,,non-entailment,,,
The film blurred the boundaries between animation and live-action.,The boundaries blurred.,entailment,causative,causative/inchoative,blur,OTHER ALTERNATING VERBS OF CHANGE OF STATE,,entailment,,,
The film blurred the boundaries between animation and live-action.,The film blurred.,non-entailment,causative,causative/inchoative,blur,OTHER ALTERNATING VERBS OF CHANGE OF STATE,,entailment,,,
The yacht accidentally capsized the lifeboat.,The lifeboat capsized.,entailment,causative,causative/inchoative,capsize,OTHER ALTERNATING VERBS OF CHANGE OF STATE,,entailment,,,
The yacht accidentally capsized the lifeboat.,The yacht capsized.,non-entailment,causative,causative/inchoative,capsize,OTHER ALTERNATING VERBS OF CHANGE OF STATE,,entailment,,,
The players changed the rules.,The rules changed.,entailment,causative,causative/inchoative,change,OTHER ALTERNATING VERBS OF CHANGE OF STATE,,entailment,,,
The players changed the rules.,The players changed.,non-entailment,causative,causative/inchoative,change,OTHER ALTERNATING VERBS OF CHANGE OF STATE,,entailment,,,
The police department closed the case.,The case was closed.,entailment,causative,causative/inchoative,close,OTHER ALTERNATING VERBS OF CHANGE OF STATE,,entailment,,,
The police department closed the case.,The police department was closed.,non-entailment,causative,causative/inchoative,close,OTHER ALTERNATING VERBS OF CHANGE OF STATE,,non-entailment,,,
The worker collapsed the roof of the old house.,The roof collapsed.,entailment,causative,causative/inchoative,collapse,OTHER ALTERNATING VERBS OF CHANGE OF STATE,,entailment,,,
The worker collapsed the roof of the old house.,The worker collapsed.,non-entailment,causative,causative/inchoative,collapse,OTHER ALTERNATING VERBS OF CHANGE OF STATE,,entailment,,,
The machine compressed plastic waste.,Plastic waste was compressed.,entailment,causative,causative/inchoative,compress,OTHER ALTERNATING VERBS OF CHANGE OF STATE,,entailment,,,
The machine compressed plastic waste.,The machine was compressed.,non-entailment,causative,causative/inchoative,compress,OTHER ALTERNATING VERBS OF CHANGE OF STATE,,non-entailment,,,
This material corroded the metal surface.,The metal surface corroded.,entailment,causative,causative/inchoative,corrode,OTHER ALTERNATING VERBS OF CHANGE OF STATE,,entailment,,,
This material corroded the metal surface.,This material corroded.,non-entailment,causative,causative/inchoative,corrode,OTHER ALTERNATING VERBS OF CHANGE OF STATE,,entailment,,,
The falling rock crumbled the ice on the lake.,The ice crumbled.,entailment,causative,causative/inchoative,crumble,OTHER ALTERNATING VERBS OF CHANGE OF STATE,,entailment,,,
The falling rock crumbled the ice on the lake.,The falling rock crumbled.,non-entailment,causative,causative/inchoative,crumble,OTHER ALTERNATING VERBS OF CHANGE OF STATE,,entailment,,,
Soil organisms decomposed the organic matter.,The organic matter decomposed.,entailment,causative,causative/inchoative,decompose,OTHER ALTERNATING VERBS OF CHANGE OF STATE,,entailment,,,
Soil organisms decomposed the organic matter.,Soil organisms decomposed.,non-entailment,causative,causative/inchoative,decompose,OTHER ALTERNATING VERBS OF CHANGE OF STATE,,entailment,,,
The expenses of raising children decreased his desire to quit the job.,His desire to quit the job decreased.,entailment,causative,causative/inchoative,decrease,OTHER ALTERNATING VERBS OF CHANGE OF STATE,,entailment,,,
The expenses of raising children decreased his desire to quit the job.,The expenses of raising children decreased.,non-entailment,causative,causative/inchoative,decrease,OTHER ALTERNATING VERBS OF CHANGE OF STATE,,non-entailment,,,
The threat of nuclear war diminished our belief in a bright future.,Our belief in a bright future diminished.,entailment,causative,causative/inchoative,diminish,OTHER ALTERNATING VERBS OF CHANGE OF STATE,,entailment,,,
The threat of nuclear war diminished our belief in a bright future.,The threat of nuclear war diminished.,non-entailment,causative,causative/inchoative,diminish,OTHER ALTERNATING VERBS OF CHANGE OF STATE,,non-entailment,,,
The company enlarged the allocated budget for the conference.,The allocated budget for the conference was enlarged.,entailment,causative,causative/inchoative,enlarge,OTHER ALTERNATING VERBS OF CHANGE OF STATE,,entailment,,,
The company enlarged the allocated budget for the conference.,The company was enlarged.,non-entailment,causative,causative/inchoative,enlarge,OTHER ALTERNATING VERBS OF CHANGE OF STATE,,non-entailment,,,
The policeman halted traffic near the police station.,Traffic halted near the police station.,entailment,causative,causative/inchoative,halt,OTHER ALTERNATING VERBS OF CHANGE OF STATE,,entailment,,,
The policeman halted traffic near the police station.,The policeman halted near the police station.,non-entailment,causative,causative/inchoative,halt,OTHER ALTERNATING VERBS OF CHANGE OF STATE,,entailment,,,
Steve drove the remote-control toy car in that direction.,The remote-control car drove in that direction.,entailment,causative,induced action,drive,RUN,,entailment,,,
Steve drove the remote-control toy car in that direction.,Steve drove in that direction.,non-entailment,causative,induced action,drive,RUN,,entailment,,,
Laura is flying a drone over the river.,A drone is flying over the river.,entailment,causative,induced action,fly,RUN,,entailment,,,
Laura is flying a drone over the river.,Laura is flying over the river.,non-entailment,causative,induced action,fly,RUN,,non-entailment,,,
The trainer jumped the dog over the hurdle.,The dog jumped over the hurdle.,entailment,causative,induced action,jump,RUN,,non-entailment,,,
The trainer jumped the dog over the hurdle.,The trainer jumped over the hurdle.,non-entailment,causative,induced action,jump,RUN,,non-entailment,,,
James leapt his pet over the fence.,His pet leapt over the fence.,entailment,causative,induced action,leap,RUN,,entailment,,,
James leapt his pet over the fence.,James leapt over the fence.,non-entailment,causative,induced action,leap,RUN,,non-entailment,,,
The captain marched the soldiers to the barracks.,The soldiers marched to the barracks.,entailment,causative,induced action,march,RUN,,entailment,,,
The captain marched the soldiers to the barracks.,The captain marched to the barracks.,non-entailment,causative,induced action,march,RUN,,entailment,,,
John raced dogs around the field.,Dogs raced around the field.,entailment,causative,induced action,race,RUN,,entailment,,,
John raced dogs around the field.,John raced around the field.,non-entailment,causative,induced action,race,RUN,,entailment,,,
The child ran the rat through the maze.,The rat ran through the maze.,entailment,causative,induced action,run,RUN,,entailment,,,
The child ran the rat through the maze.,The child ran through the maze.,non-entailment,causative,induced action,run,RUN,,non-entailment,,,
Jane swam her dog across the pool.,Her dog swam across the pool.,entailment,causative,induced action,swim,RUN,,entailment,,,
Jane swam her dog across the pool.,Jane swam across the pool.,non-entailment,causative,induced action,swim,RUN,,entailment,,,
The child trotted the pony into the field.,The pony trotted into the field.,entailment,causative,induced action,trot,RUN,,entailment,,,
The child trotted the pony into the field.,The child trotted into the field.,non-entailment,causative,induced action,trot,RUN,meaning change,entailment,,,
The seagull clanged the metal rail.,The metal rail clanged.,entailment,causative,other instances of causative alternation,clang,SOUND EMISSION,,entailment,,,
The seagull clanged the metal rail.,The seagull clanged.,non-entailment,causative,other instances of causative alternation,clang,SOUND EMISSION,meaning change (M-W & Collins Dic),entailment,,,
Rachel clattered the plates loudly.,The plates clattered loudly.,entailment,causative,other instances of causative alternation,clatter,SOUND EMISSION,,entailment,,,
Rachel clattered the plates loudly.,Rachel clattered loudly.,non-entailment,causative,other instances of causative alternation,clatter,SOUND EMISSION,meaning change,entailment,,,
The girls squeaked the door open.,The door squeaked.,entailment,causative,other instances of causative alternation,squeak,SOUND EMISSION,,entailment,,,
The girls squeaked the door open.,The girls squeaked.,non-entailment,causative,other instances of causative alternation,squeak,SOUND EMISSION,meaning change?,entailment,,,
Emma squealed the tires.,The tires squealed.,entailment,causative,other instances of causative alternation,squeal,SOUND EMISSION,,entailment,,,
Emma squealed the tires.,Emma squealed.,non-entailment,causative,other instances of causative alternation,squeal,SOUND EMISSION,meaning change,entailment,,,
John beamed the projector.,The projector beamed.,entailment,causative,other instances of causative alternation,beam,LIGHT EMISSION,,non-entailment,,,
John beamed the projector.,John beamed.,non-entailment,causative,other instances of causative alternation,beam,LIGHT EMISSION,meaning change,non-entailment,,,
Sarah blinked the lights to signal the parents that it was time to leave.,The lights blinked.,entailment,causative,other instances of causative alternation,blink,LIGHT EMISSION,,entailment,,,
Sarah blinked the lights to signal the parents that it was time to leave.,Sarah blinked.,non-entailment,causative,other instances of causative alternation,blink,LIGHT EMISSION,meaning change,entailment,,,
Luke flashed a red light in front of the window.,A red light flashed in front of the window.,entailment,causative,other instances of causative alternation,flash,LIGHT EMISSION,,entailment,,,
Luke flashed a red light in front of the window.,Luke flashed in front of the window.,non-entailment,causative,other instances of causative alternation,flash,LIGHT EMISSION,,entailment,,,
The farmer bled the cows in the barn.,The cows bled in the barn.,entailment,causative,other instances of causative alternation,bleed,SUBSTANCE EMISSION,,non-entailment,,,
The farmer bled the cows in the barn.,The farmer bled in the barn.,non-entailment,causative,other instances of causative alternation,bleed,SUBSTANCE EMISSION,,entailment,,,
The syringe squirted the patient with blood during the surgery.,The syringe squirted blood during the surgery.,entailment,causative,other instances of causative alternation,squirt,SUBSTANCE EMISSION,,entailment,,,
The syringe squirted the patient with blood during the surgery.,The patient squirted blood during the surgery.,non-entailment,causative,other instances of causative alternation,squirt,SUBSTANCE EMISSION,,non-entailment,,,
Sam dangled the rope after bungee jumping.,The rope dangled after bungee jumping.,entailment,causative,other instances of causative alternation,dangle,SPATIAL CONFIGURATION,,entailment,,,
Sam dangled the rope after bungee jumping.,Sam dangled after bungee jumping.,non-entailment,causative,other instances of causative alternation,dangle,SPATIAL CONFIGURATION,,entailment,,,
An enemy soldier hung a prisoner from a tree.,A prisoner was hung from a tree.,entailment,causative,other instances of causative alternation,hang,SPATIAL CONFIGURATION,,entailment,,,
An enemy soldier hung a prisoner from a tree.,An enemy soldier was hung from a tree.,non-entailment,causative,other instances of causative alternation,hang,SPATIAL CONFIGURATION,,non-entailment,,,
Liam leaned his bike against the wall.,His bike leaned against the wall.,entailment,causative,other instances of causative alternation,lean,SPATIAL CONFIGURATION,,entailment,,,
Liam leaned his bike against the wall.,Liam leaned against the wall.,non-entailment,causative,other instances of causative alternation,lean,SPATIAL CONFIGURATION,,non-entailment,,,
Molly perched the cat on the windowsill.,The cat perched on the windowsill.,entailment,causative,other instances of causative alternation,perch,SPATIAL CONFIGURATION,,entailment,,,
Molly perched the cat on the windowsill.,Molly perched on the windowsill.,non-entailment,causative,other instances of causative alternation,perch,SPATIAL CONFIGURATION,,non-entailment,,,
Brian rested a heavy sack on the grass.,A heavy sack rested on the grass.,entailment,causative,other instances of causative alternation,rest,SPATIAL CONFIGURATION,,entailment,,,
Brian rested a heavy sack on the grass.,Brian rested on the grass.,non-entailment,causative,other instances of causative alternation,rest,SPATIAL CONFIGURATION,,non-entailment,,,
The mother sat the child on the sofa.,The child sat on the sofa.,entailment,causative,other instances of causative alternation,sit,SPATIAL CONFIGURATION,,entailment,,,
The mother sat the child on the sofa.,The mother sat on the sofa.,non-entailment,causative,other instances of causative alternation,sit,SPATIAL CONFIGURATION,,non-entailment,,,
The team stood the statue on the pedestal. ,The statue stood on the pedestal.,entailment,causative,other instances of causative alternation,stand,SPATIAL CONFIGURATION,,entailment,,,
The team stood the statue on the pedestal. ,The team stood on the pedestal.,non-entailment,causative,other instances of causative alternation,stand,SPATIAL CONFIGURATION,,non-entailment,,,
Alex was swinging Ashley on the swings at the park.,Ashley was swinging on the swings at the park.,entailment,causative,other instances of causative alternation,swing,SPATIAL CONFIGURATION,,entailment,,,
Alex was swinging Ashley on the swings at the park.,Alex was swinging on the swings at the park.,non-entailment,causative,other instances of causative alternation,swing,SPATIAL CONFIGURATION,,non-entailment,,,
Locals bivouacked soldiers near their village after an enemy attack.,Soldiers bivouacked near the village after an enemy attack.,entailment,causative,other instances of causative alternation,bivouac,LODGE,,entailment,,,
Locals bivouacked soldiers near their village after an enemy attack.,Locals bivouacked near the village after an enemy attack.,non-entailment,causative,other instances of causative alternation,bivouac,LODGE,,entailment,,,
The guide lodged the interpreter at a hotel.,The interpreter was lodged at a hotel.,entailment,causative,other instances of causative alternation,lodge,LODGE,,entailment,,,
The guide lodged the interpreter at a hotel.,The guide was lodged at a hotel.,non-entailment,causative,other instances of causative alternation,lodge,LODGE,,non-entailment,,,
Clark settled his elderly parents in a small town by the sea.,His elderly parents settled in a small town by the sea.,entailment,causative,other instances of causative alternation,settle,LODGE,,entailment,,,
Clark settled his elderly parents in a small town by the sea.,Clark settled in a small town by the sea,non-entailment,causative,other instances of causative alternation,settle,LODGE,,non-entailment,,,
Villagers sheltered lost hikers in the local inn.,Lost hikers sheltered in the local inn.,entailment,causative,other instances of causative alternation,shelter,LODGE,,entailment,,,
Villagers sheltered lost hikers in the local inn.,Villagers sheltered in the local inn.,non-entailment,causative,other instances of causative alternation,shelter,LODGE,,non-entailment,,,
Larry asphyxiated the elderly man a week ago.,The elderly man was asphyxiated a week ago.,entailment,causative,other instances of causative alternation,asphyxiate,SUFFOCATE,,entailment,,,
Larry asphyxiated the elderly man a week ago.,Larry was asphyxiated a week ago.,non-entailment,causative,other instances of causative alternation,asphyxiate,SUFFOCATE,,non-entailment,,,
The pirate choked the sailor to death.,The sailor was choked to death.,entailment,causative,other instances of causative alternation,choke,SUFFOCATE,,entailment,,,
The pirate choked the sailor to death.,The pirate was choked to death.,non-entailment,causative,other instances of causative alternation,choke,SUFFOCATE,,non-entailment,,,
Our neighbour drowned his cat in a pond two blocks away.,His cat drowned in a pond two blocks away.,entailment,causative,other instances of causative alternation,drown,SUFFOCATE,,entailment,,,
Our neighbour drowned his cat in a pond two blocks away.,Our neighbour drowned in a pond two blocks away.,non-entailment,causative,other instances of causative alternation,drown,SUFFOCATE,,non-entailment,,,
The agent suffocated the suspect during the special operation.,The suspect suffocated during the special operation.,entailment,causative,other instances of causative alternation,suffocate,SUFFOCATE,,entailment,,,
The agent suffocated the suspect during the special operation.,The agent suffocated during the special operation.,non-entailment,causative,other instances of causative alternation,suffocate,SUFFOCATE,,non-entailment,,,
Kevin burped the baby.,The baby burped.,entailment,causative,other instances of causative alternation,burp,OTHER VERBS,,entailment,,,
Kevin burped the baby.,Kevin burped.,non-entailment,causative,other instances of causative alternation,burp,OTHER VERBS,,entailment,,,
Teresa fed milk to Joan.,Teresa fed Joan milk.,entailment,dative,,feed,GIVE,,entailment,,,
Teresa fed milk to Joan.,Joan fed Teresa milk.,non-entailment,dative,,feed,GIVE,,non-entailment,,,
Oliver gave Mary's key to Emma.,Oliver gave Emma a key.,entailment,dative,,give,GIVE,,entailment,,,
Oliver gave Mary's key to Emma.,Oliver gave Mary a key.,non-entailment,dative,,give,GIVE,,non-entailment,,,
The Johnsons leased their parents' land to the Petersons for five years.,The Johnsons leased the Petersons the land for five years.,entailment,dative,,lease,GIVE,,entailment,,,
The Johnsons leased their parents' land to the Petersons for five years.,The Johnsons leased their parents the land for five years.,non-entailment,dative,,lease,GIVE,,non-entailment,,,
Amelia lent her sister's car to William for a weekend.,Amelia lent William the car for a weekend.,entailment,dative,,lend,GIVE,,entailment,,,
Amelia lent her sister's car to William for a weekend.,Amelia lent her sister the car for a weekend.,non-entailment,dative,,lend,GIVE,,non-entailment,,,
Olivia loaned two hundred dollars to Lucas.,Olivia loaned Lucas two hundred dollars.,entailment,dative,,loan,GIVE,,entailment,,,
Olivia loaned two hundred dollars to Lucas.,Lucas loaned Olivia two hundred dollars.,non-entailment,dative,,loan,GIVE,,non-entailment,,,
Henry passed Jane's note to Nick during the class.,Henry passed Nick the note during the class.,entailment,dative,,pass,GIVE,,entailment,,,
Henry passed Jane's note to Nick during the class.,Henry passed Jane the note during the class.,non-entailment,dative,,pass,GIVE,,entailment,,,
Robert paid five thousand pounds to Linda for her ex-husband's car.,Robert paid Linda five thousand pounds.,entailment,dative,,pay,GIVE,,entailment,,,
Robert paid five thousand pounds to Linda for her ex-husband's car.,Robert paid Linda's ex-husband five thousand pounds.,non-entailment,dative,,pay,GIVE,,non-entailment,,,
His parents refunded three hundred euros to Julia for her son's broken window.,His parents refunded Julia three hundred euros for the broken window.,entailment,dative,,refund,GIVE,,entailment,,,
His parents refunded three hundred euros to Julia for her son's broken window.,His parents refunded his son three hundred euros for the broken window.,non-entailment,dative,,refund,GIVE,,non-entailment,,,
The Browns rendered the greatest service to the neighbours.,The Browns rendered the neighbours the greatest service.,entailment,dative,,render,GIVE,,entailment,,,
The Browns rendered the greatest service to the neighbours.,The neighbours rendered the Browns the greatest service.,non-entailment,dative,,render,GIVE,,non-entailment,,,
Elizabeth rented her aunt's apartment to Richard for 1000 euros per month.,Elizabeth rented Richard the apartment for 1000 euros per month.,entailment,dative,,rent,GIVE,,entailment,,,
Elizabeth rented her aunt's apartment to Richard for 1000 euros per month.,Elizabeth rented her aunt the apartment for 1000 euros per month.,non-entailment,dative,,rent,GIVE,,non-entailment,,,
William repaid the expenses to Joseph.,William repaid Joseph the expenses.,entailment,dative,,repay,GIVE,,entailment,,,
William repaid the expenses to Joseph.,Joseph repaid William the expenses.,non-entailment,dative,,repay,GIVE,,non-entailment,,,
Sarah sold her parents' house to Susan after they retired.,Sarah sold Susan the house.,entailment,dative,,sell,GIVE,,entailment,,,
Sarah sold her parents' house to Susan after they retired.,Sarah sold her parents the house.,non-entailment,dative,,sell,GIVE,,non-entailment,,,
James served his mother's baked potatoes to Mary.,James served Mary baked potatoes.,entailment,dative,,serve,GIVE,,entailment,,,
James served his mother's baked potatoes to Mary.,James served his mother baked potatoes.,non-entailment,dative,,serve,GIVE,,entailment,,,
The Belgians traded wool to the Swedes.,The Belgians traded the Swedes wool.,entailment,dative,,trade,GIVE,,entailment,,,
The Belgians traded wool to the Swedes.,The Swedes traded the Belgians wool.,non-entailment,dative,,trade,GIVE,,non-entailment,,,
The committee allocated the funds to the company.,The committee allocated  the company the funds.,entailment,dative,,allocate,FUTURE HAVING,,entailment,,,
The committee allocated the funds to the company.,The company allocated the committee the funds.,non-entailment,dative,,allocate,FUTURE HAVING,,non-entailment,,,
The team allotted duties to the partners of the company during the last meeting.,The team allotted the partners of the company duties during the last meeting.,entailment,dative,,allot,FUTURE HAVING,,entailment,,,
The team allotted duties to the partners of the company during the last meeting.,The partners of the company allotted the team duties during the last meeting.,non-entailment,dative,,allot,FUTURE HAVING,,non-entailment,,,
Karen assigned Betty's old room to Lisa for the Christmas holidays.,Karen assigned Lisa Betty's old room for the Christmas holidays.,entailment,dative,,assign,FUTURE HAVING,,entailment,,,
Karen assigned Betty's old room to Lisa for the Christmas holidays.,Karen assigned Betty a room for the Christmas holidays.,non-entailment,dative,,assign,FUTURE HAVING,,non-entailment,,,
Mr Wilson awarded the prize to Mr Anderson during the ceremony.,Mr Wilson awarded Mr Anderson the prize during the ceremony.,entailment,dative,,award,FUTURE HAVING,,entailment,,,
Mr Wilson awarded the prize to Mr Anderson during the ceremony.,Mr Anderson awarded Mr Wilson the prize during the ceremony.,non-entailment,dative,,award,FUTURE HAVING,,non-entailment,,,
Mr Thomson bequeathed his entire estate to Mr Morrison.,Mr Thomson bequeathed Mr Morrison his entire estate.,entailment,dative,,bequeath,FUTURE HAVING,,entailment,,,
Mr Thomson bequeathed his entire estate to Mr Morrison.,Mr Morrison bequeathed Mr Thomson his entire estate.,non-entailment,dative,,bequeath,FUTURE HAVING,,non-entailment,,,
France ceded the territory to Germany.,France ceded Germany the territory.,entailment,dative,,cede,FUTURE HAVING,,entailment,,,
France ceded the territory to Germany.,Germany ceded France the territory.,non-entailment,dative,,cede,FUTURE HAVING,,non-entailment,,,
Mr Clark granted a licence to Mr Moore a week ago.,Mr Clark granted Mr Moore a licence a week ago.,entailment,dative,,grant,FUTURE HAVING,,entailment,,,
Mr Clark granted a licence to Mr Moore a week ago.,Mr Moore granted Mr Clark a licence a week ago.,non-entailment,dative,,grant,FUTURE HAVING,,non-entailment,,,
Amanda guaranteed a prompt delivery of Luke's order to Carol's house.,Amanda guaranteed Carol a prompt delivery of Luke's order.,entailment,dative,,guarantee,FUTURE HAVING,,entailment,,,
Amanda guaranteed a prompt delivery of Luke's order to Carol's house.,Amanda guaranteed Carol a prompt delivery of her order.,non-entailment,dative,,guarantee,FUTURE HAVING,,entailment,,,
Larry left the house toThomas in his will.,Larry left Thomas the house in his will.,entailment,dative,,leave,FUTURE HAVING,,entailment,,,
Larry left the house toThomas in his will.,Thomas left Larry the house in his will.,non-entailment,dative,,leave,FUTURE HAVING,,non-entailment,,,
"Daniel offered a job to Matthew on several conditions, and he accepted.","Daniel offered Matthew a job on several conditions, and he accepted.",entailment,dative,,offer,FUTURE HAVING,,entailment,,,
"Daniel offered a job to Matthew on several conditions, and he accepted.","Matthew offered Daniel a job on several conditions, and he accepted.",non-entailment,dative,,offer,FUTURE HAVING,,non-entailment,,,
The committee owed  an apology to the mayor's office for its accusatory groundless allegations.,The committee owed the mayor's office an apology for its accusatory groundless allegations.,entailment,dative,,owe,FUTURE HAVING,,entailment,,,
The committee owed  an apology to the mayor's office for its accusatory groundless allegations.,The mayor's office owed the committee an apology for its accusatory groundless allegations.,non-entailment,dative,,owe,FUTURE HAVING,,non-entailment,,,
Sandra promised Brian's concert ticket to Paul.,Sandra promised Paul Brian's concert ticket.,entailment,dative,,promise,FUTURE HAVING,,entailment,,,
Sandra promised Brian's concert ticket to Paul.,Sandra promised Brian the concert ticket.,non-entailment,dative,,promise,FUTURE HAVING,,non-entailment,,,
Ms Marlow willed a small beach house to Mr Parrish.,Ms Marlow willed Mr Parrish a small beach house.,entailment,dative,,will,FUTURE HAVING,,entailment,,,
Ms Marlow willed a small beach house to Mr Parrish.,Mr Parrish willed Ms Marlow a small beach house.,non-entailment,dative,,will,FUTURE HAVING,,non-entailment,,,
Mr Preston yielded control of his brother's company to Mr Rogers.,Mr Preston yielded Mr Rogers control of his brother's company.,entailment,dative,,yield,FUTURE HAVING,,entailment,,,
Mr Preston yielded control of his brother's company to Mr Rogers.,Mr Preston yielded his brother control of the company.,non-entailment,dative,,yield,FUTURE HAVING,,non-entailment,,,
Nora brought Mary's book to Pamela before she left for her trip.,Nora brought Pamela Mary's book before she left for her trip.,entailment,dative,,bring,BRING AND TAKE,,entailment,,,
Nora brought Mary's book to Pamela before she left for her trip.,Nora brought Mary the book before she left for her trip.,non-entailment,dative,,bring,BRING AND TAKE,,entailment,,,
The secretary took a pile of the clients' documents to the CEO after a board meeting.,The secretary took the CEO a pile of the clients' documents after a board meeting.,entailment,dative,,take,BRING AND TAKE,,entailment,,,
The secretary took a pile of the clients' documents to the CEO after a board meeting.,The secretary took the clients a pile of documents after a board meeting.,non-entailment,dative,,take,BRING AND TAKE,,non-entailment,,,
Mark forwarded Rebecca's letters to Alice after she moved to another country.,Mark forwarded Alice Rebecca's letters after she moved to another country.,entailment,dative,,forward,SEND,,entailment,,,
Mark forwarded Rebecca's letters to Alice after she moved to another country.,Mark forwarded Rebecca her letters after she moved to another country.,non-entailment,dative,,forward,SEND,,entailment,,,
Miss Webster handed Lucy's papers to Miss Hayden after months of waiting.,Miss Webster handed Miss Hayden Lucy's papers after months of waiting.,entailment,dative,,hand,SEND,,entailment,,,
Miss Webster handed Lucy's papers to Miss Hayden after months of waiting.,Miss Webster handed Lucy her papers after months of waiting.,non-entailment,dative,,hand,SEND,,entailment,,,
The board members mailed a registration form to the residents.,The board members mailed the residents a registration form.,entailment,dative,,mail,SEND,,entailment,,,
The board members mailed a registration form to the residents.,The residents mailed a registration form to the board members.,non-entailment,dative,,mail,SEND,,non-entailment,,,
The doctor sent the patient's tests to the lab.,The doctor sent the lab the patient's tests.,entailment,dative,,send,SEND,,entailment,,,
The doctor sent the patient's tests to the lab.,The doctor sent the patient his tests,non-entailment,dative,,send,SEND,,non-entailment,,,
Justin accidentally shipped Martin's package to Liam.,Justin shipped Liam Martin's package.,entailment,dative,,ship,SEND,,entailment,,,
Justin accidentally shipped Martin's package to Liam.,Justin shipped Martin his package.,non-entailment,dative,,ship,SEND,,non-entailment,,,
The gang from Kingston smuggled drugs to Mike.,The gang from Kingston smuggled Mike drugs.,entailment,dative,,smuggle,SEND,,entailment,,,
The gang from Kingston smuggled drugs to Mike.,Mike smuggled drugs to the gang from Kingston.,non-entailment,dative,,smuggle,SEND,,non-entailment,,,
Eric managed to sneak Rick's gun to Brandon in prison.,Eric managed to sneak Brandon Rick's gun in prison.,entailment,dative,,sneak,SEND,,entailment,,,
Eric managed to sneak Rick's gun to Brandon in prison.,Eric managed to sneak Rick Brandon's gun in prison.,non-entailment,dative,,sneak,SEND,,entailment,,,
The child rolled a ball to the coach on the football field.,The child rolled the coach a ball on the football field.,entailment,dative,,roll,SLIDE,,entailment,,,
The child rolled a ball to the coach on the football field.,The coach rolled a ball to the child on the football field.,non-entailment,dative,,roll,SLIDE,,non-entailment,,,
Carla slid Amanda's book to John before anyone could see it.,Carla slid John Amanda's book before anyone could see it.,entailment,dative,,slide,SLIDE,,entailment,,,
Carla slid Amanda's book to John before anyone could see it.,Carla slid Amanda John's book before anyone could see it.,non-entailment,dative,,slide,SLIDE,,non-entailment,,,
Amanda carried the package to Rachel from the post office.,Amanda carried Rachel the package from the post office.,entailment,dative,,carry,CARRY,,entailment,,,
Amanda carried the package to Rachel from the post office.,Rachel carried the package to Amanda from the post office.,non-entailment,dative,,carry,CARRY,,non-entailment,,,
Helen dragged Emma's huge suitcase to Diane.,Helen dragged Diane Emma's huge suitcase.,entailment,dative,,drag,CARRY,,non-entailment,,,
Helen dragged Emma's huge suitcase to Diane.,Helen dragged Emma Diane's huge suitcase.,non-entailment,dative,,drag,CARRY,,entailment,,,
Tyler kicked the ball to Adam instead of Peter.,Tyler kicked Adam the ball.,entailment,dative,,kick,CARRY,,entailment,,,
Tyler kicked the ball to Adam instead of Peter.,Tyler kicked Peter the ball.,non-entailment,dative,,kick,CARRY,,non-entailment,,,
Janet pulled Gloria's chair to Alice so she could sit comfortably.,Janet pulled Alice Gloria's chair so she could sit comfortably.,entailment,dative,,pull,CARRY,,non-entailment,,,
Janet pulled Gloria's chair to Alice so she could sit comfortably.,Janet pulled Gloria Alice's chair so she could sit comfortably.,non-entailment,dative,,pull,CARRY,,non-entailment,,,
Gabriel carefully pushed a shopping cart to Jake and walked out of the store with Cam.,Gabriel carefully pushed Jake a shopping cart.,entailment,dative,,push,CARRY,,entailment,,,
Gabriel carefully pushed a shopping cart to Jake and walked out of the store with Cam.,Gabriel carefully pushed Cam a shopping cart.,non-entailment,dative,,push,CARRY,,non-entailment,,,
Adam schlepped Larry's bag to Roy all the way to the airport and he didn't even thank him.,Adam schlepped Roy Larry's bag all the way to the airport and he didn't even thank him.,entailment,dative,,schlep,CARRY,,entailment,,,
Adam schlepped Larry's bag to Roy all the way to the airport and he didn't even thank him.,Adam schlepped Larry Roy's bag all the way to the airport and he didn't even thank him.,non-entailment,dative,,schlep,CARRY,,entailment,,,
Rachel chucked the last snack to Julie instead of her boyfriend.,Rachel chucked Julie the last snack instead of her boyfriend.,entailment,dative,,chuck,THROWING,,entailment,,,
Rachel chucked the last snack to Julie instead of her boyfriend.,Rachel chucked the last snack to her boyfriend instead of Julie.,non-entailment,dative,,chuck,THROWING,,non-entailment,,,
"In a fit of anger, Mary flung Emily's letter to Adam across the room.","In a fit of anger, Mary flung Adam Emily's letter across the room.",entailment,dative,,fling,THROWING,,entailment,,,
"In a fit of anger, Mary flung Emily's letter to Adam across the room.","In a fit of anger, Mary flung Emily his letter across the room.",non-entailment,dative,,fling,THROWING,,non-entailment,,,
Jack hurled Mary's bag to Frank through the window.,Jack hurled Frank Mary's bag through the window.,entailment,dative,,hurl,THROWING,,entailment,,,
Jack hurled Mary's bag to Frank through the window.,Jack hurled Mary Frank's bag through the window.,non-entailment,dative,,hurl,THROWING,,entailment,,,
Catherine finally passed Richard's document to Dennis after Patrick signed it.,Catherine finally passed Dennis Richard's document after Patrick signed it.,entailment,dative,,pass,THROWING,,entailment,,,
Catherine finally passed Richard's document to Dennis after Patrick signed it.,Catherine finally passed Richard Dennis' document after Patrick signed it,non-entailment,dative,,pass,THROWING,,non-entailment,,,
Ethan prepared to pitch the ball to Roger but his friend distracted him.,Ethan prepared to pitch Roger the ball but his friend distracted him.,entailment,dative,,pitch,THROWING,,entailment,,,
Ethan prepared to pitch the ball to Roger but his friend distracted him.,Ethan prepared to pitch the ball to his friend but Roger distracted him.,non-entailment,dative,,pitch,THROWING,,non-entailment,,,
Maria slung Lisa's coat to Janet so she could leave it in the back seat of the car.,Maria slung Janet Lisa's coat so she could leave it in the back seat of the car.,entailment,dative,,sling,THROWING,,non-entailment,,,
Maria slung Lisa's coat to Janet so she could leave it in the back seat of the car.,Maria slung Lisa Janet's coat so she could leave it in the back seat of the car.,non-entailment,dative,,sling,THROWING,,entailment,,,
"He threw Justin's ball to Peter, but the dog caught it.","He threw Peter Justin's ball, but the dog caught it.",entailment,dative,,throw,THROWING,,entailment,,,
"He threw Justin's ball to Peter, but the dog caught it.","He threw Justin his ball, but the dog caught it.",non-entailment,dative,,throw,THROWING,,entailment,,,
Adam tossed Kate's car key to Anna.,Adam tossed Anna Kate's car key.,entailment,dative,,toss,THROWING,,entailment,,,
Adam tossed Kate's car key to Anna.,Adam tossed Kate Anna's car key.,non-entailment,dative,,toss,THROWING,,entailment,,,
The student quoted a passage from the novel to the professor during the literature seminar.,The student quoted the professor a passage from the novel during the literature seminar.,entailment,dative,,quote, TRANSFER OF A MESSAGE,,entailment,,,
The student quoted a passage from the novel to the professor during the literature seminar.,The professor quoted a passage from the novel to the student during the literature seminar.,non-entailment,dative,,quote, TRANSFER OF A MESSAGE,,non-entailment,,,
"During the flight, Kelly read Sarah's book to Megan to distract and calm her down.","During the flight, Kelly read Megan the book to distract and calm her down",entailment,dative,,read, TRANSFER OF A MESSAGE,,entailment,,,
"During the flight, Kelly read Sarah's book to Megan to distract and calm her down.","During the flight, Kelly read Sarah the book to distract and calm her down.",non-entailment,dative,,read, TRANSFER OF A MESSAGE,,non-entailment,,,
Frank relayed Patrick's message to his boss but it remained unanswered.,Frank relayed his boss Patrick's message but it remained unanswered.,entailment,dative,,relay, TRANSFER OF A MESSAGE,,non-entailment,,,
Frank relayed Patrick's message to his boss but it remained unanswered.,Frank relayed Patrick his boss's message but it remained unanswered.,non-entailment,dative,,relay, TRANSFER OF A MESSAGE,,non-entailment,,,
Adam taught English to Liam after Sarah recommended him as a tutor.,Adam taught Liam English after Sarah recommended him as a tutor.,entailment,dative,,teach, TRANSFER OF A MESSAGE,,entailment,,,
Adam taught English to Liam after Sarah recommended him as a tutor.,Adam taught Sarah English after Liam recommended him as a tutor.,non-entailment,dative,,teach, TRANSFER OF A MESSAGE,,non-entailment,,,
Mr Coleman showed the diagrams to the team to clearly explain the drop in the company's revenues after the launch of the new marketing campaign.,Mr Coleman showed the team the diagrams to clearly explain the drop in the company's revenues after the launch of the new marketing campaign.,entailment,dative,,show, TRANSFER OF A MESSAGE,,entailment,,,
Mr Coleman showed the diagrams to the team to clearly explain the drop in the company's revenues after the launch of the new marketing campaign.,The team showed Mr Coleman the diagrams to clearly explain the drop in the company's revenues after the launch of the new marketing campaign.,non-entailment,dative,,show, TRANSFER OF A MESSAGE,,non-entailment,,,
He told Julia's secret to Rachel after hearing about it from Rick.,He told Rachel Julia's secret after hearing about it from Rick.,entailment,dative,,tell, TRANSFER OF A MESSAGE,,entailment,,,
He told Julia's secret to Rachel after hearing about it from Rick.,He told Julia a secret after hearing about it from Rick.,non-entailment,dative,,tell, TRANSFER OF A MESSAGE,,non-entailment,,,
We wrote an offer letter to Julia and Sam as advised by Mark.,We wrote Sam and Julia an offer letter as advised by Mark.,entailment,dative,,write, TRANSFER OF A MESSAGE,,entailment,,,
We wrote an offer letter to Julia and Sam as advised by Mark.,We wrote Sam an offer letter as advised by Julia and Mark.,non-entailment,dative,,write, TRANSFER OF A MESSAGE,,non-entailment,,,
Jerry emailed Tyler's documents to his boss before leaving on holiday.,Jerry emailed his boss Tyler's documents before leaving on holiday.,entailment,dative,,email,INSTRUMENT OF COMMUNICATION,,entailment,,,
Jerry emailed Tyler's documents to his boss before leaving on holiday.,Jerry emailed Tyler documents before leaving on holiday.,non-entailment,dative,,email,INSTRUMENT OF COMMUNICATION,,entailment,,,
Maria baked her mom's frozen lasagna for Jane after they went shopping.,Maria baked Jane her mom's frozen lasagna.,entailment,benefactive,,bake,BUILD,,entailment,,,
Maria baked her mom's frozen lasagna for Jane after they went shopping.,Maria baked her mom a frozen lasagna.,non-entailment,benefactive,,bake,BUILD,,non-entailment,,,
Jane blew bubbles that she borrowed from Mary for Stephanie in the backyard.,Jane blew Stephanie bubbles in the backyard.,entailment,benefactive,,blow,BUILD,,entailment,,,
Jane blew bubbles that she borrowed from Mary for Stephanie in the backyard.,Jane blew Mary bubbles in the backyard.,non-entailment,benefactive,,blow,BUILD,,non-entailment,,,
Luke built Nick's old wardrobe for Emma after she moved to a new house.,Luke built Emma a wardrobe.,entailment,benefactive,,build,BUILD,,entailment,,,
Luke built Nick's old wardrobe for Emma after she moved to a new house.,Luke built Nick a wardrobe.,non-entailment,benefactive,,build,BUILD,,non-entailment,,,
Martha carved a toy that looked like her sister's for Claire during the workshop.,Martha carved Claire a toy during the workshop.,entailment,benefactive,,carve,BUILD,,entailment,,,
Martha carved a toy that looked like her sister's for Claire during the workshop.,Martha carved her sister a toy during the workshop.,non-entailment,benefactive,,carve,BUILD,,non-entailment,,,
Charlie chiselled a heart on Emma's quartz for Cameron as a memory of their first kiss.,Charlie chiselled Cameron a heart on the quartz.,entailment,benefactive,,chisel,BUILD,,entailment,,,
Charlie chiselled a heart on Emma's quartz for Cameron as a memory of their first kiss.,Charlie chiselled Emma a heart on the quartz.,non-entailment,benefactive,,chisel,BUILD,,entailment,,,
The police officer compiled the report for the detective on Alison's murder case.,The police officer compiled the detective the report.,entailment,benefactive,,compile,BUILD,,non-entailment,,,
The police officer compiled the report for the detective on Alison's murder case.,The police officer compiled Alison the report.,non-entailment,benefactive,,compile,BUILD,,non-entailment,,,
Eve cooked the butcher's beef steak for Adam instead of a deep-frozen pizza.,Eve cooked Adam the butcher's beef steak.,entailment,benefactive,,cook,BUILD,,entailment,,,
Eve cooked the butcher's beef steak for Adam instead of a deep-frozen pizza.,Eve cooked the butcher a beef steak.,non-entailment,benefactive,,cook,BUILD,,non-entailment,,,
Diana crocheted a large cover for Lucy's sofa as a Christmas present.,Diana crocheted Lucy's sofa a cover.,entailment,benefactive,,crochet,BUILD,,entailment,,,
Diana crocheted a large cover for Lucy's sofa as a Christmas present.,Diana crocheted her sofa a cover.,non-entailment,benefactive,,crochet,BUILD,,non-entailment,,,
Justin cut mom's cake for Larry as a dessert.,Justin cut Larry a cake.,entailment,benefactive,,cut,BUILD,,entailment,,,
Justin cut mom's cake for Larry as a dessert.,Justin cut mom a cake.,non-entailment,benefactive,,cut,BUILD,,non-entailment,,,
Emma embroidered flowers on the dress Jane made for her daughter.,Emma embroidered her daughter flowers on the dress.,entailment,benefactive,,embroider,BUILD,,non-entailment,,,
Emma embroidered flowers on the dress Jane made for her daughter.,Emma embroidered Jane flowers on the dress.,non-entailment,benefactive,,embroider,BUILD,,non-entailment,,,
Sarah folded Mary's scarf for Samantha and put it in her bag.,Sarah folded Samantha the scarf and put it in her bag.,entailment,benefactive,,fold,BUILD,,non-entailment,,,
Sarah folded Mary's scarf for Samantha and put it in her bag.,Sarah folded Mary the scarf and put it in her bag.,non-entailment,benefactive,,fold,BUILD,,non-entailment,,,
John forged a sword from steel for James before the tournament.,John forged James a sword from steel.,entailment,benefactive,,forge,BUILD,,entailment,,,
John forged a sword from steel for James before the tournament.,John forged Nick a sword from steel.,non-entailment,benefactive,,forge,BUILD,,non-entailment,,,
Nicole ground her mom's coffee for Brandon for breakfast.,Nicole ground Brandon some coffee for breakfast.,entailment,benefactive,,grind,BUILD,,entailment,,,
Nicole ground her mom's coffee for Brandon for breakfast.,Nicole ground her mom some coffee for breakfast.,non-entailment,benefactive,,grind,BUILD,,entailment,,,
Frank grew his grandmother's roses for Anna in the garden.,Frank grew Anna roses.,entailment,benefactive,,grow,BUILD,,entailment,,,
Frank grew his grandmother's roses for Anna in the garden.,Frank grew his grandmother roses.,non-entailment,benefactive,,grow,BUILD,,non-entailment,,,
Amanda knitted warm socks for Carol from Lucy's wool pullover.,Amanda knitted Carol warm socks.,entailment,benefactive,,knit,BUILD,,entailment,,,
Amanda knitted warm socks for Carol from Lucy's wool pullover.,Amanda knitted Lucy a wool pullover.,non-entailment,benefactive,,knit,BUILD,,non-entailment,,,
Brian made Lucy's dress into a skirt for Jane.,Brian made Jane a skirt.,entailment,benefactive,,make,BUILD,,entailment,,,
Brian made Lucy's dress into a skirt for Jane.,Brian made Lucy a skirt.,non-entailment,benefactive,,make,BUILD,,non-entailment,,,
Michael rolled John's tobacco into a cigarette for David before their smoking break.,Michael rolled David a cigarette.,entailment,benefactive,,roll,BUILD,,entailment,,,
Michael rolled John's tobacco into a cigarette for David before their smoking break.,Michael rolled John a cigarette.,non-entailment,benefactive,,roll,BUILD,,entailment,,,
Richard sculpted Joan's bust for Mark out of Mary's clay.,Richard sculpted Mark a bust.,entailment,benefactive,,sculpt,BUILD,,entailment,,,
Richard sculpted Joan's bust for Mark out of Mary's clay.,Richard sculpted Joan a bust.,non-entailment,benefactive,,sculpt,BUILD,,entailment,,,
Linda sewed Lisa's dress into a blouse for Susan for the wedding of Robert and Barbara.,Linda sewed Susan a blouse.,entailment,benefactive,,sew,BUILD,,entailment,,,
Linda sewed Lisa's dress into a blouse for Susan for the wedding of Robert and Barbara.,Linda sewed Lisa a dress.,non-entailment,benefactive,,sew,BUILD,,non-entailment,,,
James stitched a patch onto Steve's shirt for Richard after he borrowed and accidentally tore it.,James stitched Richard a patch onto Steve's shirt.,entailment,benefactive,,stitch,BUILD,,non-entailment,,,
James stitched a patch onto Steve's shirt for Richard after he borrowed and accidentally tore it.,James stitched Richard a patch onto his shirt.,non-entailment,benefactive,,stitch,BUILD,,non-entailment,,,
Susan wove a basket for Maria after Linda taught her.,Susan wove Maria a basket.,entailment,benefactive,,weave,BUILD,,entailment,,,
Susan wove a basket for Maria after Linda taught her.,Susan wove Linda a basket.,non-entailment,benefactive,,weave,BUILD,,non-entailment,,,
Brandon whittled a whistle out of Mark's reed for John.,Brandon whittled John a whistle.,entailment,benefactive,,whittle,BUILD,,entailment,,,
Brandon whittled a whistle out of Mark's reed for John.,Brandon whittled Mark a whistle.,non-entailment,benefactive,,whittle,BUILD,,entailment,,,
Thomas designed a sophisticated kitchen as a housewarming gift from his family for Charles.,Thomas designed Charles a sophisticated kitchen.,entailment,benefactive,,design,CREATE,,entailment,,,
Thomas designed a sophisticated kitchen as a housewarming gift from his family for Charles.,Thomas designed his family a sophisticated kitchen.,non-entailment,benefactive,,design,CREATE,,non-entailment,,,
William boiled Victoria's tea from Sri Lanka for Carol.,William boiled Carol some tea.,entailment,benefactive,,boil,PREPARE,,entailment,,,
William boiled Victoria's tea from Sri Lanka for Carol.,William boiled Victoria some tea.,non-entailment,benefactive,,boil,PREPARE,,entailment,,,
Mary brewed her sisters's coffee for Julia after a sleepless night of exam preparation.,Mary brewed Julia coffee.,entailment,benefactive,,brew,PREPARE,,entailment,,,
Mary brewed her sisters's coffee for Julia after a sleepless night of exam preparation.,Mary brewed her sister coffee.,non-entailment,benefactive,,brew,PREPARE,,entailment,,,
Sam fried the chicken eggs for his parents after a long tiring journey.,Sam fried his parents the eggs.,entailment,benefactive,,fry,PREPARE,,entailment,,,
Sam fried the chicken eggs for his parents after a long tiring journey.,Sam fried his parents the chicken.,non-entailment,benefactive,,fry,PREPARE,,non-entailment,,,
Henry grilled the mushrooms Mary bought separately from the meat because her siblings are vegetarians.,Henry grilled Mary's siblings mushrooms.,entailment,benefactive,,grill,PREPARE,,entailment,,,
Henry grilled the mushrooms Mary bought separately from the meat because her siblings are vegetarians.,Henry grilled Mary mushrooms.,non-entailment,benefactive,,grill,PREPARE,,non-entailment,,,
Tyler ironed Mike's white shirt for James before his first interview.,Tyler ironed James a white shirt before his first interview.,entailment,benefactive,,iron,PREPARE,,non-entailment,,,
Tyler ironed Mike's white shirt for James before his first interview.,Tyler ironed Mike a white shirt before his first interview.,non-entailment,benefactive,,iron,PREPARE,,non-entailment,,,
Olivia mixed a bit of Janet's coconut liqueur with some juice for James as Mary told her.,Olivia mixed James a bit of coconut liqueur with some juice.,entailment,benefactive,,mix,PREPARE,,entailment,,,
Olivia mixed a bit of Janet's coconut liqueur with some juice for James as Mary told her.,Olivia mixed Janet a bit of coconut liqueur with some juice.,non-entailment,benefactive,,mix,PREPARE,,entailment,,,
Dad poured a cup of mom's relaxing tea for Joan when she was nervous.,Dad poured Joan a cup of tea.,entailment,benefactive,,pour,PREPARE,,entailment,,,
Dad poured a cup of mom's relaxing tea for Joan when she was nervous.,Dad poured mom a cup of tea.,non-entailment,benefactive,,pour,PREPARE,,entailment,,,
Henry prepared a chocolate cake with his mother's recipe for Helen.,Henry prepared Helen a chocolate cake.,entailment,benefactive,,prepare,PREPARE,,entailment,,,
Henry prepared a chocolate cake with his mother's recipe for Helen.,Henry prepared his mother a chocolate cake.,non-entailment,benefactive,,prepare,PREPARE,,non-entailment,,,
Jane roasted Mark's farm chicken with a lemon and garlic marinade for a flavorful twist for Alex.,Jane roasted Alex a chicken with a lemon and garlic marinade.,entailment,benefactive,,roast,PREPARE,,entailment,,,
Jane roasted Mark's farm chicken with a lemon and garlic marinade for a flavorful twist for Alex.,Jane roasted Mark a chicken with a lemon and garlic marinade.,non-entailment,benefactive,,roast,PREPARE,,entailment,,,
Emma set her grandmother's vintage plates on the table for the guests.,Emma set the guests her grandmother's vintage plates.,entailment,benefactive,,set,PREPARE,,entailment,,,
Emma set her grandmother's vintage plates on the table for the guests.,Emma set her grandmother vintage plates.,non-entailment,benefactive,,set,PREPARE,,entailment,,,
Joan slightly toasted a slice of bread on both sides for Emma's sister.,Joan slightly toasted Emma's sister a slice of bread.,entailment,benefactive,,toast,PREPARE,,entailment,,,
Joan slightly toasted a slice of bread on both sides for Emma's sister.,Joan slightly toasted her sister a slice of bread.,non-entailment,benefactive,,toast,PREPARE,,non-entailment,,,
Adam drew his favourite actor's portrait for Olivia during a class at art school.,Adam drew Olivia a portrait of his favourite actor.,entailment,benefactive,,draw,PERFORMANCE,,entailment,,,
Adam drew his favourite actor's portrait for Olivia during a class at art school.,Adam drew Olivia her portrait.,non-entailment,benefactive,,draw,PERFORMANCE,,non-entailment,,,
"Emily painted Anna's beach house, the place where they all spent their holidays together, for Jane.",Emily painted Jane a beach house.,entailment,benefactive,,paint,PERFORMANCE,,non-entailment,,,
"Emily painted Anna's beach house, the place where they all spent their holidays together, for Jane.",Emily painted Anna a beach house.,non-entailment,benefactive,,paint,PERFORMANCE,,non-entailment,,,
The workers crammed the room with heavy boxes.,Heavy boxes crammed into the room.,entailment,locative,spray/load,cram,SPRAY/LOAD,,entailment,,,
The workers crammed the room with heavy boxes.,The workers crammed into the room.,non-entailment,locative,spray/load,cram,SPRAY/LOAD,,non-entailment,,,
Employees crowded the room with old furniture.,Old furniture crowded into the room.,entailment,locative,spray/load,crowd,SPRAY/LOAD,,non-entailment,,,
Employees crowded the room with old furniture.,Employees crowded into the room.,non-entailment,locative,spray/load,crowd,SPRAY/LOAD,,entailment,,,
Alice draped Claire with Amanda's finest silk.,Alice draped Amanda's finest silk on Claire.,entailment,locative,spray/load,drape,SPRAY/LOAD,,entailment,,,
Alice draped Claire with Amanda's finest silk.,Alice draped the finest silk on Amanda.,non-entailment,locative,spray/load,drape,SPRAY/LOAD,,non-entailment,,,
Rachel drizzled James with cold water.,Rachel drizzled cold water on James.,entailment,locative,spray/load,drizzle,SPRAY/LOAD,,entailment,,,
Rachel drizzled James with cold water.,James drizzled cold water on Rachel.,non-entailment,locative,spray/load,drizzle,SPRAY/LOAD,,non-entailment,,,
Jane injected Mary with a sedative.,Jane injected a sedative into Mary.,entailment,locative,spray/load,inject,SPRAY/LOAD,,entailment,,,
Jane injected Mary with a sedative.,Mary injected a sedative into Jane.,non-entailment,locative,spray/load,inject,SPRAY/LOAD,,non-entailment,,,
His friends jammed the car with bags.,Bags were jammed in the car.,entailment,locative,spray/load,jam,SPRAY/LOAD,,entailment,,,
His friends jammed the car with bags.,His friends were jammed in the car.,non-entailment,locative,spray/load,jam,SPRAY/LOAD,,non-entailment,,,
Conveyors loaded the trucks with parcels.,Parcels were loaded onto the trucks.,entailment,locative,spray/load,load,SPRAY/LOAD,,entailment,,,
Conveyors loaded the trucks with parcels.,Conveyors were loaded onto the trucks.,non-entailment,locative,spray/load,load,SPRAY/LOAD,meaning change,non-entailment,,,
He plastered the floor with expensive stucco from France.,Expensive stucco from France was plastered on the floor.,entailment,locative,spray/load,plaster,SPRAY/LOAD,,entailment,,,
He plastered the floor with expensive stucco from France.,He was plastered on the floor.,non-entailment,locative,spray/load,plaster,SPRAY/LOAD,meaning change?,non-entailment,,,
"Startled by the noise, the toddlers scattered the floor with chess pieces.",Chess pieces scattered on the floor.,entailment,locative,spray/load,scatter,SPRAY/LOAD,metaphorical?,entailment,,,
"Startled by the noise, the toddlers scattered the floor with chess pieces.",The toddlers scattered on the floor.,non-entailment,locative,spray/load,scatter,SPRAY/LOAD,,non-entailment,,,
Jane showered gifts on Luke on their anniversary. ,Jane showered Luke with gifts on their anniversary.,entailment,locative,spray/load,shower,SPRAY/LOAD,,entailment,,,
Jane showered gifts on Luke on their anniversary. ,Luke showered Jane with gifts on their anniversary.,non-entailment,locative,spray/load,shower,SPRAY/LOAD,,non-entailment,,,
Olivia slathered Emma's sun cream on Joan.,Olivia slathered Joan with Emma's sun cream.,entailment,locative,spray/load,slather,SPRAY/LOAD,,entailment,,,
Olivia slathered Emma's sun cream on Joan.,Olivia slathered Emma with some sun cream.,non-entailment,locative,spray/load,slather,SPRAY/LOAD,,non-entailment,,,
Jane accidentally smeared Alice with too much massage oil.,Jane accidentally smeared too much massage oil on Alice.,entailment,locative,spray/load,smear,SPRAY/LOAD,,entailment,,,
Jane accidentally smeared Alice with too much massage oil.,Alice accidentally smeared too much massage oil on Jane.,non-entailment,locative,spray/load,smear,SPRAY/LOAD,,non-entailment,,,
James smudged Mary's paint on Carol.,James smudged Carol with Mary's paint.,entailment,locative,spray/load,smudge,SPRAY/LOAD,,entailment,,,
James smudged Mary's paint on Carol.,James smudged Mary with paint.,non-entailment,locative,spray/load,smudge,SPRAY/LOAD,,non-entailment,,,
Eric spattered mud on Julia while playing.,Eric spattered Julia with mud while playing.,entailment,locative,spray/load,spatter,SPRAY/LOAD,,entailment,,,
Eric spattered mud on Julia while playing.,Julia spattered Eric with mud while playing.,non-entailment,locative,spray/load,spatter,SPRAY/LOAD,,non-entailment,,,
Robert splashed ice-cold water on Jason.,Robert splashed Jason with ice-cold water.,entailment,locative,spray/load,splash,SPRAY/LOAD,,entailment,,,
Robert splashed ice-cold water on Jason.,Jason splashed Robert with ice-cold water.,non-entailment,locative,spray/load,splash,SPRAY/LOAD,,non-entailment,,,
Stephanie splattered Laura with Lisa's coffee as she carried the cup to the table and tripped over Lucky.,Stephanie splattered Lisa's coffee on Laura as she carried the cup to the table and tripped over Lucky.,entailment,locative,spray/load,splatter,SPRAY/LOAD,,entailment,,,
Stephanie splattered Laura with Lisa's coffee as she carried the cup to the table and tripped over Lucky.,Stephanie splattered some coffee on Lisa as she carried the cup to the table and tripped over Lucky.,non-entailment,locative,spray/load,splatter,SPRAY/LOAD,,non-entailment,,,
Ryan sprayed David's insect repellent on Rebecca during their picnic by the lake.,Ryan sprayed Rebecca with David's insect repellent during their picnic by the lake.,entailment,locative,spray/load,spray,SPRAY/LOAD,,entailment,,,
Ryan sprayed David's insect repellent on Rebecca during their picnic by the lake.,Ryan sprayed David with some insect repellent during their picnic by the lake.,non-entailment,locative,spray/load,spray,SPRAY/LOAD,,non-entailment,,,
Kevin accidentally spread Lucy's canvas with too much of Mary's paint.,Kevin accidentally spread too much of Mary's paint on Lucy's canvas.,entailment,locative,spray/load,spread,SPRAY/LOAD,,entailment,,,
Kevin accidentally spread Lucy's canvas with too much of Mary's paint.,Kevin accidentally spread too much of the paint on Mary's canvas.,non-entailment,locative,spray/load,spread,SPRAY/LOAD,,non-entailment,,,
Nancy sprinkled Emma's lavender water on her daughter's pillow.,Nancy sprinkled her daughter's pillow with Emma's lavender water.,entailment,locative,spray/load,sprinkle,SPRAY/LOAD,,entailment,,,
Nancy sprinkled Emma's lavender water on her daughter's pillow.,Nancy sprinkled her pillow with lavender water.,non-entailment,locative,spray/load,sprinkle,SPRAY/LOAD,,non-entailment,,,
Samantha spritzed Anna's perfume on Ashley before the party.,Samantha spritzed Ashley with Anna's perfume before the party.,entailment,locative,spray/load,spritz,SPRAY/LOAD,,entailment,,,
Samantha spritzed Anna's perfume on Ashley before the party.,Samantha spritzed Anna with her perfume before the party.,non-entailment,locative,spray/load,spritz,SPRAY/LOAD,,non-entailment,,,
Lauren strewed Alice with golden leaves while playing outdoors.,Lauren strewed golden leaves on Alice while playing outdoors.,entailment,locative,spray/load,strew,SPRAY/LOAD,,entailment,,,
Lauren strewed Alice with golden leaves while playing outdoors.,Alice strewed golden leaves on Lauren while playing outdoors.,non-entailment,locative,spray/load,strew,SPRAY/LOAD,,non-entailment,,,
John wrapped Mary with Jane's blanket when it got chilly in the garden.,John wrapped Jane's blanket around Mary when it got chilly in the garden.,entailment,locative,spray/load,wrap,SPRAY/LOAD,,entailment,,,
John wrapped Mary with Jane's blanket when it got chilly in the garden.,John wrapped a blanket around Jane when it got chilly in the garden.,non-entailment,locative,spray/load,wrap,SPRAY/LOAD,,non-entailment,,,
Steve cleaned the paint from Betty.,Steve cleaned Betty of the paint.,entailment,locative,clear,clean,CLEAR,,entailment,,,
Steve cleaned the paint from Betty.,Betty cleaned Steve of the paint.,non-entailment,locative,clear,clean,CLEAR,,non-entailment,,,
Emily cleared Mark of the mud.,Emily cleared the mud from Mark.,entailment,locative,clear,clear,CLEAR,,entailment,,,
Emily cleared Mark of the mud.,Mark cleared the mud from Emily.,non-entailment,locative,clear,clear,CLEAR,,non-entailment,,,
The team arranged a row of chairs into a circle for the meeting.,The team arranged a circle of chairs out of a row for the meeting.,entailment,creation and transformation,material/product (transitive),arrange,BUILD,,entailment,,,
The team arranged a row of chairs into a circle for the meeting.,The team arranged a row of chairs out of a circle for the meeting.,non-entailment,creation and transformation,material/product (transitive),arrange,BUILD,,non-entailment,,,
The scientist assembled an engine out of a solar-powered device.,The scientist assembled a solar-powered device into an engine.,entailment,creation and transformation,material/product (transitive),assemble,BUILD,,entailment,,,
The scientist assembled an engine out of a solar-powered device.,The scientist assembled an engine into a solar-powered device.,non-entailment,creation and transformation,material/product (transitive),assemble,BUILD,,non-entailment,,,
He built a henhouse out of a tool shed.,He built a tool shed into a henhouse.,entailment,creation and transformation,material/product (transitive),build,BUILD,,entailment,,,
He built a henhouse out of a tool shed.,He built a henhouse into a tool shed.,non-entailment,creation and transformation,material/product (transitive),build,BUILD,,non-entailment,,,
Martha carved a wooden spoon out of a pointy stick.,Martha carved a pointy stick into a wooden spoon.,entailment,creation and transformation,material/product (transitive),carve,BUILD,,entailment,,,
Martha carved a wooden spoon out of a pointy stick.,Martha carved a wooden spoon into a pointy stick.,non-entailment,creation and transformation,material/product (transitive),carve,BUILD,,non-entailment,,,
The glassblower cast molten glass from a broken vase into a bowl.,The glassblower cast a bowl out of molten glass from a broken vase.,entailment,creation and transformation,material/product (transitive),cast,BUILD,,entailment,,,
The glassblower cast molten glass from a broken vase into a bowl.,The glassblower cast a vase out of molten glass from a broken bowl.,non-entailment,creation and transformation,material/product (transitive),cast,BUILD,,non-entailment,,,
The teacher compiled final exam questions from previous years into midterm tests.,The teacher compiled midterm tests out of final exam questions from previous years.,entailment,creation and transformation,material/product (transitive),compile,BUILD,,entailment,,,
The teacher compiled final exam questions from previous years into midterm tests.,The teacher compiled final exam questions out of midterm tests from previous years.,non-entailment,creation and transformation,material/product (transitive),compile,BUILD,,non-entailment,,,
The tailor fashioned a dress into a skirt for Jane.,The tailor fashioned a skirt out of a dress for Jane.,entailment,creation and transformation,material/product (transitive),fashion,BUILD,,entailment,,,
The tailor fashioned a dress into a skirt for Jane.,The tailor fashioned a dress out of a skirt for Jane.,non-entailment,creation and transformation,material/product (transitive),fashion,BUILD,,non-entailment,,,
Susan made shorts out of a skirt for Mary. ,Susan made a skirt into shorts for Mary.,entailment,creation and transformation,material/product (transitive),make,BUILD,,entailment,,,
Susan made shorts out of a skirt for Mary. ,Susan made shorts into a skirt for Mary.,non-entailment,creation and transformation,material/product (transitive),make,BUILD,,non-entailment,,,
Oliver shaped a bowl instead of a mug from a lump of clay on the potter's wheel.,A lump of clay was shaped into a bowl. ,entailment,creation and transformation,material/product (transitive),shape,BUILD,,entailment,,,
Oliver shaped a bowl instead of a mug from a lump of clay on the potter's wheel.,A lump of clay was shaped into a mug.,non-entailment,creation and transformation,material/product (transitive),shape,BUILD,,non-entailment,,,
Lara stitched a pillowcase into a T-shirt.,Lara stitched a T-shirt out of a pillowcase.,entailment,creation and transformation,material/product (transitive),stitch,BUILD,,entailment,,,
Lara stitched a pillowcase into a T-shirt.,Lara stitched a pillowcase out of a T-shirt.,non-entailment,creation and transformation,material/product (transitive),stitch,BUILD,,non-entailment,,,
A book was developed into a movie.,A movie was developed from a book.,entailment,creation and transformation,material/product (intransitive),develop,GROW,,entailment,,,
A book was developed into a movie.,A book was developed from a movie.,non-entailment,creation and transformation,material/product (intransitive),develop,GROW,,non-entailment,,,
The comic book evolved from the cartoon.,The cartoon evolved into the comic book.,entailment,creation and transformation,material/product (intransitive),evolve,GROW,,entailment,,,
The comic book evolved from the cartoon.,The comic book evolved into the cartoon.,non-entailment,creation and transformation,material/product (intransitive),evolve,GROW,,non-entailment,,,
Alan credited the team's success to Steve.,Alan credited Steve with the team's success.,entailment,fulfilling,,credit,FULFILLING,,entailment,,,
Alan credited the team's success to Steve.,Alan credited the team with Steve's success.,non-entailment,fulfilling,,credit,FULFILLING,,non-entailment,,,
Anika entrusted her friend's documents to the lawyer.,Anika entrusted the lawyer with her friend's documents.,entailment,fulfilling,,entrust,FULFILLING,,entailment,,,
Anika entrusted her friend's documents to the lawyer.,Anika entrusted her friend with documents.,non-entailment,fulfilling,,entrust,FULFILLING,,entailment,,,
Miss Adamson issued Miss Dalton's report to Miss Carter.,Miss Adamson issued Miss Carter with Miss Dalton's report.,entailment,fulfilling,,issue,FULFILLING,,entailment,,,
Miss Adamson issued Miss Dalton's report to Miss Carter.,Miss Adamson issued Miss Dalton with a report.,non-entailment,fulfilling,,issue,FULFILLING,,non-entailment,,,
Emily left John with a reminder to pick up the parcel.,Emily left a reminder to John.,entailment,fulfilling,,leave,FULFILLING,,entailment,,,
Emily left John with a reminder to pick up the parcel.,Emily left a parcel to John.,non-entailment,fulfilling,,leave,FULFILLING,,non-entailment,,,
Mom presented Stephan's books to Edward.,Mom presented Edward with Stephan's books.,entailment,fulfilling,,present,FULFILLING,,entailment,,,
Mom presented Stephan's books to Edward.,Mom presented Stephan with books.,non-entailment,fulfilling,,present,FULFILLING,,non-entailment,,,
George provided Alex with instructions before the team meeting.,George provided instructions to Alex.,entailment,fulfilling,,provide,FULFILLING,,entailment,,,
George provided Alex with instructions before the team meeting.,George provided instructions to the team,non-entailment,fulfilling,,provide,FULFILLING,,non-entailment,,,
Robert served Amanda with his mom's pie after the long walk with the dog.,Robert served his mom's pie to Amanda.,entailment,fulfilling,,serve,FULFILLING,,entailment,,,
Robert served Amanda with his mom's pie after the long walk with the dog.,Robert served a pie to his mom.,non-entailment,fulfilling,,serve,FULFILLING,,non-entailment,,,
Carol supplied Sarah with Mary's laptop while she worked on the presentation for the meeting.,Carol supplied Mary's laptop to Sarah.,entailment,fulfilling,,supply,FULFILLING,,entailment,,,
Carol supplied Sarah with Mary's laptop while she worked on the presentation for the meeting.,Carol supplied a laptop to Mary.,non-entailment,fulfilling,,supply,FULFILLING,,non-entailment,,,
Bob trusted Mark's sister with his parents' car.,Bob trusted his parents' car to Mark's sister.,entailment,fulfilling,,trust,FULFILLING,,entailment,,,
Bob trusted Mark's sister with his parents' car.,Bob trusted his car to Mark's sister.,non-entailment,fulfilling,,trust,FULFILLING,,non-entailment,,,
Mary embroidered Christmas stockings on cushions.,Mary embroidered cushions with Christmas stockings.,entailment,image impression,,embroider,IMAGE IMPRESSION,,entailment,,,
Mary embroidered Christmas stockings on cushions.,Mary embroidered Christmas stockings with cushions.,non-entailment,image impression,,embroider,IMAGE IMPRESSION,,non-entailment,,,
Steve engraved a ring on a watch.,Steve engraved a watch with a ring.,entailment,image impression,,engrave,IMAGE IMPRESSION,,non-entailment,,,
Steve engraved a ring on a watch.,Steve engraved a ring with a watch.,non-entailment,image impression,,engrave,IMAGE IMPRESSION,,non-entailment,,,
Mark etched a scroll with a window.,Mark etched a window on a scroll.,entailment,image impression,,etch,IMAGE IMPRESSION,,entailment,,,
Mark etched a scroll with a window.,Mark etched a scroll on a window.,non-entailment,image impression,,etch,IMAGE IMPRESSION,,non-entailment,,,
Emily imprinted the logo on the inscription.,Emily imprinted the inscription with the logo.,entailment,image impression,,imprint,IMAGE IMPRESSION,,entailment,,,
Emily imprinted the logo on the inscription.,Emily imprinted the logo with the inscription.,non-entailment,image impression,,imprint,IMAGE IMPRESSION,,non-entailment,,,
Frank marked the ring with a sign.,Frank marked the sign on the ring.,entailment,image impression,,mark,IMAGE IMPRESSION,,entailment,,,
Frank marked the ring with a sign.,Frank marked the ring on the sign.,non-entailment,image impression,,mark,IMAGE IMPRESSION,,non-entailment,,,
Claire painted the wall with the ship.,Claire painted the ship on the wall.,entailment,image impression,,paint,IMAGE IMPRESSION,,non-entailment,,,
Claire painted the wall with the ship.,Claire painted the wall on the ship.,non-entailment,image impression,,paint,IMAGE IMPRESSION,,non-entailment,,,
Carl stamped the letters on the logo.,Carl stamped the logo with the letters.,entailment,image impression,,stamp,IMAGE IMPRESSION,,entailment,,,
Carl stamped the letters on the logo.,Carl stamped the letters with the logo.,non-entailment,image impression,,stamp,IMAGE IMPRESSION,,non-entailment,,,
Gloria tattooed a hand on her neck.,Gloria tattooed her neck with a hand.,entailment,image impression,,tattoo,IMAGE IMPRESSION,,entailment,,,
Gloria tattooed a hand on her neck.,Gloria tattooed her hand with a neck.,non-entailment,image impression,,tattoo,IMAGE IMPRESSION,,non-entailment,,,
The kid banged the toy car against the teddy bear.,The kid banged the teddy bear with the toy car.,entailment,with/against,,bang,IMAGE IMPRESSION,,entailment,,,
The kid banged the toy car against the teddy bear.,The kid banged the toy car with the teddy bear.,non-entailment,with/against,,bang,IMAGE IMPRESSION,,non-entailment,,,
Ethan bashed the car against the dumpster.,Ethan bashed the dumpster with the car.,entailment,with/against,,bash,IMAGE IMPRESSION,,entailment,,,
Ethan bashed the car against the dumpster.,Ethan bashed the car with the dumpster.,non-entailment,with/against,,bash,IMAGE IMPRESSION,,non-entailment,,,
Mary bumped the grocery cart against the bicycle.,Mary bumped the bicycle with the grocery cart.,entailment,with/against,,bump,IMAGE IMPRESSION,,entailment,,,
Mary bumped the grocery cart against the bicycle.,Mary bumped the grocery cart with the bicycle.,non-entailment,with/against,,bump,IMAGE IMPRESSION,,non-entailment,,,
Linda hit her palm against the stick.,Linda hit the stick with her palm.,entailment,with/against,,hit,IMAGE IMPRESSION,,entailment,,,
Linda hit her palm against the stick.,Linda hit her palm with the stick.,non-entailment,with/against,,hit,IMAGE IMPRESSION,,non-entailment,,,
John kicked the toy against the ball.,John kicked the ball with the toy.,entailment,with/against,,kick,IMAGE IMPRESSION,,non-entailment,,,
John kicked the toy against the ball.,John kicked the toy with the ball.,non-entailment,with/against,,kick,IMAGE IMPRESSION,,non-entailment,,,
Charles knocked the vase against the mug.,Charles knocked the mug with the vase.,entailment,with/against,,knock,IMAGE IMPRESSION,,entailment,,,
Charles knocked the vase against the mug.,Charles knocked the vase with the mug.,non-entailment,with/against,,knock,IMAGE IMPRESSION,,non-entailment,,,
Daniel lashed the whip against the rope.,Daniel lashed the rope with the whip.,entailment,with/against,,lash,IMAGE IMPRESSION,,entailment,,,
Daniel lashed the whip against the rope.,Daniel lashed the whip with the rope.,non-entailment,with/against,,lash,IMAGE IMPRESSION,,non-entailment,,,
The student rapped fingers against the pen.,The student rapped the pen with fingers.,entailment,with/against,,rap,IMAGE IMPRESSION,,entailment,,,
The student rapped fingers against the pen.,The student rapped fingers with the pen.,non-entailment,with/against,,rap,IMAGE IMPRESSION,,non-entailment,,,
The teacher slapped the ruler against fingers.,The teacher slapped the fingers with the ruler.,entailment,with/against,,slap,IMAGE IMPRESSION,,entailment,,,
The teacher slapped the ruler against fingers.,The teacher slapped the ruler with fingers.,non-entailment,with/against,,slap,IMAGE IMPRESSION,,non-entailment,,,
Daniel smacked the car against the garage door.,Daniel smacked the garage door with the car.,entailment,with/against,,smack,IMAGE IMPRESSION,,entailment,,,
Daniel smacked the car against the garage door.,Daniel smacked the car with the garage door.,non-entailment,with/against,,smack,IMAGE IMPRESSION,,non-entailment,,,
The skateboarder smashed the skateboard against the wooden railing.,The skateboarder smashed the skateboard with the wooden railing.,entailment,with/against,,smash,IMAGE IMPRESSION,,non-entailment,,,
The skateboarder smashed the skateboard against the wooden railing.,The skateboarder smashed the wooden railing with the skateboard.,non-entailment,with/against,,smash,IMAGE IMPRESSION,,entailment,,,
Sam struck the branch against the rock.,Sam struck the rock with the branch.,entailment,with/against,,strike,IMAGE IMPRESSION,,entailment,,,
Sam struck the branch against the rock.,Sam struck the branch with the rock.,non-entailment,with/against,,strike,IMAGE IMPRESSION,,non-entailment,,,
The child tapped fingers against the pencil.,The child tapped the pencil with fingers.,entailment,with/against,,tap,IMAGE IMPRESSION,,entailment,,,
The child tapped fingers against the pencil.,The child tapped fingers with the pencil.,non-entailment,with/against,,tap,IMAGE IMPRESSION,,non-entailment,,,
James whacked the ball against the handbag.,James whacked the handbag with the ball.,entailment,with/against,,whack,IMAGE IMPRESSION,,entailment,,,
James whacked the ball against the handbag.,James whacked the ball with the handbag.,non-entailment,with/against,,whack,IMAGE IMPRESSION,,non-entailment,,,
